ORDERNUMBER;QUANTITYORDERED;PRICEEACH;ORDERLINENUMBER;SALES;ORDERDATE;STATUS;QTR_ID;MONTH_ID;YEAR_ID;PRODUCTLINE;MSRP;PRODUCTCODE;CUSTOMERNAME;PHONE;ADDRESSLINE1;ADDRESSLINE2;CITY;STATE;POSTALCODE;COUNTRY;TERRITORY;CONTACTLASTNAME;CONTACTFIRSTNAME;DEALSIZE;CURRENCY
10403;24;74.13;7;1779.12;2022-04-08;Shipped;2;4;2022;Motorcycles;380;S10_1678;UK Collectables, Ltd.;(171) 555-2282;Berkeley Gardens 12  Brewery;;Liverpool;;WX1 6LT;UK;EMEA;Devon;Elizabeth;Small;GBP
10417;66;98.24;2;6483.839999999999;2022-05-13;Disputed;2;5;2022;Motorcycles;380;S10_1678;Euro Shopping Channel;(91) 555 94 44;C/ Moralzarzal, 86;;Madrid;;28034;Spain;EMEA;Freyre;Diego;Large;EUR
10411;23;210.07;9;4831.61;2022-05-01;Shipped;2;5;2022;Classic Cars;856;S10_1949;Quebec Home Shopping Network;(514) 555-8054;43 rue St. Laurent;;Montreal;Quebec;H1J 1C3;Canada;;Fresnisre;Jean;Medium;CAD
10424;50;207.07;6;10353.5;2022-05-31;In Process;2;5;2022;Classic Cars;856;S10_1949;Euro Shopping Channel;(91) 555 94 44;C/ Moralzarzal, 86;;Madrid;;28034;Spain;EMEA;Freyre;Diego;Large;EUR
10402;45;111.84;1;5032.8;2022-04-07;Shipped;2;4;2022;Motorcycles;472;S10_2016;Auto Canal Petit;(1) 47.55.6555;25, rue Lauriston;;Paris;;75016;France;EMEA;Perrier;Dominique;Medium;EUR
10417;45;112.87;5;5079.150000000001;2022-05-13;Disputed;2;5;2022;Motorcycles;472;S10_2016;Euro Shopping Channel;(91) 555 94 44;C/ Moralzarzal, 86;;Madrid;;28034;Spain;EMEA;Freyre;Diego;Medium;EUR
10403;66;131.62;9;8686.92;2022-04-08;Shipped;2;4;2022;Motorcycles;772;S10_4698;UK Collectables, Ltd.;(171) 555-2282;Berkeley Gardens 12  Brewery;;Liverpool;;WX1 6LT;UK;EMEA;Devon;Elizabeth;Large;GBP
10417;56;142.01;4;7952.5599999999995;2022-05-13;Disputed;2;5;2022;Motorcycles;772;S10_4698;Euro Shopping Channel;(91) 555 94 44;C/ Moralzarzal, 86;;Madrid;;28034;Spain;EMEA;Freyre;Diego;Large;EUR
10400;64;137.76;9;8816.64;2022-04-01;Shipped;2;4;2022;Classic Cars;544;S10_4757;The Sharp Gifts Warehouse;4085553659;3086 Ingle Ln.;;San Jose;CA;94217;USA;;Frick;Sue;Large;USD
10414;19;132.8;3;2523.2000000000003;2022-05-06;On Hold;2;5;2022;Classic Cars;544;S10_4757;Gifts4AllAges.com;6175559555;8616 Spinnaker Dr.;;Boston;MA;51003;USA;;Yoshido;Juri;Small;USD
10411;27;191.37;2;5166.99;2022-05-01;Shipped;2;5;2022;Classic Cars;588;S10_4962;Quebec Home Shopping Network;(514) 555-8054;43 rue St. Laurent;;Montreal;Quebec;H1J 1C3;Canada;;Fresnisre;Jean;Medium;CAD
10425;38;133.83;12;5085.540000000001;2022-05-31;In Process;2;5;2022;Classic Cars;588;S10_4962;La Rochelle Gifts;40.67.8555;67, rue des Cinquante Otages;;Nantes;;44000;France;EMEA;Labrune;Janine;Medium;EUR
10419;12;141.0;13;1692.0;2022-05-17;Shipped;2;5;2022;Classic Cars;776;S12_1099;Salzburg Collectables;6562-9555;Geislweg 14;;Salzburg;;5020;Austria;EMEA;Pipps;Georg;Small;EUR
10413;36;219.98;2;7919.28;2022-05-05;Shipped;2;5;2022;Classic Cars;828;S12_1108;Gift Depot Inc.;2035552570;25593 South Bay Ln.;;Bridgewater;CT;97562;USA;;King;Julie;Large;USD
10411;40;181.81;6;7272.4;2022-05-01;Shipped;2;5;2022;Trucks and Buses;544;S12_1666;Quebec Home Shopping Network;(514) 555-8054;43 rue St. Laurent;;Montreal;Quebec;H1J 1C3;Canada;;Fresnisre;Jean;Medium;CAD
10424;49;140.31;3;6875.1900000000005;2022-05-31;In Process;2;5;2022;Trucks and Buses;544;S12_1666;Euro Shopping Channel;(91) 555 94 44;C/ Moralzarzal, 86;;Madrid;;28034;Spain;EMEA;Freyre;Diego;Large;EUR
10403;66;95.76;6;6320.160000000001;2022-04-08;Shipped;2;4;2022;Motorcycles;600;S12_2823;UK Collectables, Ltd.;(171) 555-2282;Berkeley Gardens 12  Brewery;;Liverpool;;WX1 6LT;UK;EMEA;Devon;Elizabeth;Large;GBP
10417;21;141.64;1;2974.4399999999996;2022-05-13;Disputed;2;5;2022;Motorcycles;600;S12_2823;Euro Shopping Channel;(91) 555 94 44;C/ Moralzarzal, 86;;Madrid;;28034;Spain;EMEA;Freyre;Diego;Medium;EUR
10413;47;159.93;3;7516.71;2022-05-05;Shipped;2;5;2022;Classic Cars;604;S12_3148;Gift Depot Inc.;2035552570;25593 South Bay Ln.;;Bridgewater;CT;97562;USA;;King;Julie;Large;USD
10419;10;94.22;11;942.2;2022-05-17;Shipped;2;5;2022;Classic Cars;468;S12_3380;Salzburg Collectables;6562-9555;Geislweg 14;;Salzburg;;5020;Austria;EMEA;Pipps;Georg;Small;EUR
10413;22;140.53;1;3091.66;2022-05-05;Shipped;2;5;2022;Classic Cars;692;S12_3891;Gift Depot Inc.;2035552570;25593 South Bay Ln.;;Bridgewater;CT;97562;USA;;King;Julie;Medium;USD
10419;34;77.79;14;2644.86;2022-05-17;Shipped;2;5;2022;Classic Cars;316;S12_3990;Salzburg Collectables;6562-9555;Geislweg 14;;Salzburg;;5020;Austria;EMEA;Pipps;Georg;Medium;EUR
10412;54;95.08;5;5134.32;2022-05-03;Shipped;2;5;2022;Trucks and Buses;472;S12_4473;Euro Shopping Channel;(91) 555 94 44;C/ Moralzarzal, 86;;Madrid;;28034;Spain;EMEA;Freyre;Diego;Medium;EUR
10425;33;122.68;4;4048.44;2022-05-31;In Process;2;5;2022;Trucks and Buses;472;S12_4473;La Rochelle Gifts;40.67.8555;67, rue des Cinquante Otages;;Nantes;;44000;France;EMEA;Labrune;Janine;Medium;EUR
10405;97;80.47;5;7805.59;2022-04-14;Shipped;2;4;2022;Classic Cars;460;S12_4675;Mini Caravy;88.60.1555;24, place Kluber;;Strasbourg;;67000;France;EMEA;Citeaux;Frederique;Large;EUR
10419;32;103.33;10;3306.56;2022-05-17;Shipped;2;5;2022;Classic Cars;460;S12_4675;Salzburg Collectables;6562-9555;Geislweg 14;;Salzburg;;5020;Austria;EMEA;Pipps;Georg;Medium;EUR
10411;27;138.87;8;3749.4900000000002;2022-05-01;Shipped;2;5;2022;Trucks and Buses;464;S18_1097;Quebec Home Shopping Network;(514) 555-8054;43 rue St. Laurent;;Montreal;Quebec;H1J 1C3;Canada;;Fresnisre;Jean;Medium;CAD
10424;54;114.74;5;6195.96;2022-05-31;In Process;2;5;2022;Trucks and Buses;464;S18_1097;Euro Shopping Channel;(91) 555 94 44;C/ Moralzarzal, 86;;Madrid;;28034;Spain;EMEA;Freyre;Diego;Large;EUR
10406;61;118.44;3;7224.84;2022-04-15;Disputed;2;4;2022;Classic Cars;564;S18_1129;Danish Wholesale Imports;31 12 3555;Vinb'ltet 34;;Kobenhavn;;1734;Denmark;EMEA;Petersen;Jytte;Large;EUR
10419;38;101.35;5;3851.2999999999997;2022-05-17;Shipped;2;5;2022;Classic Cars;564;S18_1129;Salzburg Collectables;6562-9555;Geislweg 14;;Salzburg;;5020;Austria;EMEA;Pipps;Georg;Medium;EUR
10422;51;87.2;2;4447.2;2022-05-30;In Process;2;5;2022;Vintage Cars;408;S18_1342;Diecast Classics Inc.;2155551555;7586 Pompton St.;;Allentown;PA;70267;USA;;Yu;Kyung;Medium;USD
10422;25;47.23;1;1180.75;2022-05-30;In Process;2;5;2022;Vintage Cars;212;S18_1367;Diecast Classics Inc.;2155551555;7586 Pompton St.;;Allentown;PA;70267;USA;;Yu;Kyung;Small;USD
10407;59;109.02;11;6432.179999999999;2022-04-22;On Hold;2;4;2022;Classic Cars;496;S18_1589;The Sharp Gifts Warehouse;4085553659;3086 Ingle Ln.;;San Jose;CA;94217;USA;;Frick;Sue;Large;USD
10419;37;121.31;1;4488.47;2022-05-17;Shipped;2;5;2022;Classic Cars;496;S18_1589;Salzburg Collectables;6562-9555;Geislweg 14;;Salzburg;;5020;Austria;EMEA;Pipps;Georg;Medium;EUR
10400;34;172.69;1;5871.46;2022-04-01;Shipped;2;4;2022;Planes;628;S18_1662;The Sharp Gifts Warehouse;4085553659;3086 Ingle Ln.;;San Jose;CA;94217;USA;;Frick;Sue;Medium;USD
10416;24;156.44;14;3754.56;2022-05-10;Shipped;2;5;2022;Planes;628;S18_1662;L'ordine Souveniers;0522-556555;Strada Provinciale 124;;Reggio Emilia;;42100;Italy;EMEA;Moroni;Maurizio;Medium;EUR
10407;76;169.1;2;12851.6;2022-04-22;On Hold;2;4;2022;Vintage Cars;680;S18_1749;The Sharp Gifts Warehouse;4085553659;3086 Ingle Ln.;;San Jose;CA;94217;USA;;Frick;Sue;Large;USD
10420;37;184.34;5;6820.58;2022-05-29;In Process;2;5;2022;Vintage Cars;680;S18_1749;Souveniers And Things Co.;+61 2 9495 8555;Monitor Money Building, 815 Pacific Hwy;Level 6;Chatswood;NSW;2067;Australia;APAC;Huxley;Adrian;Medium;AUD
10405;61;63.77;4;3889.9700000000003;2022-04-14;Shipped;2;4;2022;Classic Cars;308;S18_1889;Mini Caravy;88.60.1555;24, place Kluber;;Strasbourg;;67000;France;EMEA;Citeaux;Frederique;Medium;EUR
10419;39;72.41;9;2823.99;2022-05-17;Shipped;2;5;2022;Classic Cars;308;S18_1889;Salzburg Collectables;6562-9555;Geislweg 14;;Salzburg;;5020;Austria;EMEA;Pipps;Georg;Medium;EUR
10406;48;128.85;2;6184.799999999999;2022-04-15;Disputed;2;4;2022;Classic Cars;568;S18_1984;Danish Wholesale Imports;31 12 3555;Vinb'ltet 34;;Kobenhavn;;1734;Denmark;EMEA;Petersen;Jytte;Large;EUR
10419;34;116.59;4;3964.06;2022-05-17;Shipped;2;5;2022;Classic Cars;568;S18_1984;Salzburg Collectables;6562-9555;Geislweg 14;;Salzburg;;5020;Austria;EMEA;Pipps;Georg;Medium;EUR
10412;41;141.25;4;5791.25;2022-05-03;Shipped;2;5;2022;Classic Cars;652;S18_2238;Euro Shopping Channel;(91) 555 94 44;C/ Moralzarzal, 86;;Madrid;;28034;Spain;EMEA;Freyre;Diego;Medium;EUR
10425;28;163.85;3;4587.8;2022-05-31;In Process;2;5;2022;Classic Cars;652;S18_2238;La Rochelle Gifts;40.67.8555;67, rue des Cinquante Otages;;Nantes;;44000;France;EMEA;Labrune;Janine;Medium;EUR
10407;42;66.3;1;2784.6;2022-04-22;On Hold;2;4;2022;Vintage Cars;240;S18_2248;The Sharp Gifts Warehouse;4085553659;3086 Ingle Ln.;;San Jose;CA;94217;USA;;Frick;Sue;Medium;USD
10420;36;82.06;4;2954.16;2022-05-29;In Process;2;5;2022;Vintage Cars;240;S18_2248;Souveniers And Things Co.;+61 2 9495 8555;Monitor Money Building, 815 Pacific Hwy;Level 6;Chatswood;NSW;2067;Australia;APAC;Huxley;Adrian;Small;AUD
10412;56;84.7;8;4743.2;2022-05-03;Shipped;2;5;2022;Trucks and Buses;488;S18_2319;Euro Shopping Channel;(91) 555 94 44;C/ Moralzarzal, 86;;Madrid;;28034;Spain;EMEA;Freyre;Diego;Medium;EUR
10425;38;85.76;7;3258.88;2022-05-31;In Process;2;5;2022;Trucks and Buses;488;S18_2319;La Rochelle Gifts;40.67.8555;67, rue des Cinquante Otages;;Nantes;;44000;France;EMEA;Labrune;Janine;Medium;EUR
10409;6;164.63;2;987.78;2022-04-23;Shipped;2;4;2022;Vintage Cars;508;S18_2325;Handji Gifts& Co;+65 224 1555;Village Close - 106 Linden Road Sandown;2nd Floor;Singapore;;69045;Singapore;APAC;Victorino;Wendy;Small;SGD
10420;45;142.77;2;6424.650000000001;2022-05-29;In Process;2;5;2022;Vintage Cars;508;S18_2325;Souveniers And Things Co.;+61 2 9495 8555;Monitor Money Building, 815 Pacific Hwy;Level 6;Chatswood;NSW;2067;Australia;APAC;Huxley;Adrian;Medium;AUD
10412;47;53.48;11;2513.56;2022-05-03;Shipped;2;5;2022;Trucks and Buses;240;S18_2432;Euro Shopping Channel;(91) 555 94 44;C/ Moralzarzal, 86;;Madrid;;28034;Spain;EMEA;Freyre;Diego;Small;EUR
10425;19;42.46;10;806.74;2022-05-31;In Process;2;5;2022;Trucks and Buses;240;S18_2432;La Rochelle Gifts;40.67.8555;67, rue des Cinquante Otages;;Nantes;;44000;France;EMEA;Labrune;Janine;Small;EUR
10401;42;69.38;3;2913.96;2022-04-03;On Hold;2;4;2022;Planes;336;S18_2581;Tekni Collectables Inc.;2015559350;7476 Moss Rd.;;Newark;NJ;94019;USA;;Brown;William;Medium;USD
10416;15;85.27;4;1279.05;2022-05-10;Shipped;2;5;2022;Planes;336;S18_2581;L'ordine Souveniers;0522-556555;Strada Provinciale 124;;Reggio Emilia;;42100;Italy;EMEA;Moroni;Maurizio;Small;EUR
10402;55;48.07;2;2643.85;2022-04-07;Shipped;2;4;2022;Motorcycles;240;S18_2625;Auto Canal Petit;(1) 47.55.6555;25, rue Lauriston;;Paris;;75016;France;EMEA;Perrier;Dominique;Medium;EUR
10417;36;52.78;6;1900.08;2022-05-13;Disputed;2;5;2022;Motorcycles;240;S18_2625;Euro Shopping Channel;(91) 555 94 44;C/ Moralzarzal, 86;;Madrid;;28034;Spain;EMEA;Freyre;Diego;Small;EUR
10421;35;141.68;1;4958.8;2022-05-29;In Process;2;5;2022;Vintage Cars;672;S18_2795;Mini Gifts Distributors Ltd.;4155551450;5677 Strong St.;;San Rafael;CA;97562;USA;;Nelson;Valarie;Medium;USD
10407;41;142.14;12;5827.74;2022-04-22;On Hold;2;4;2022;Classic Cars;528;S18_2870;The Sharp Gifts Warehouse;4085553659;3086 Ingle Ln.;;San Jose;CA;94217;USA;;Frick;Sue;Medium;USD
10419;55;120.71;2;6639.049999999999;2022-05-17;Shipped;2;5;2022;Classic Cars;528;S18_2870;Salzburg Collectables;6562-9555;Geislweg 14;;Salzburg;;5020;Austria;EMEA;Pipps;Georg;Large;EUR
10423;10;76.04;1;760.4000000000001;2022-05-30;In Process;2;5;2022;Vintage Cars;404;S18_2949;Petit Auto;(02) 5554 67;Rue Joseph-Bens 532;;Bruxelles;;B-1180;Belgium;EMEA;Dewey;Catherine;Small;EUR
10423;31;46.34;3;1436.5400000000002;2022-05-30;In Process;2;5;2022;Vintage Cars;248;S18_2957;Petit Auto;(02) 5554 67;Rue Joseph-Bens 532;;Bruxelles;;B-1180;Belgium;EMEA;Dewey;Catherine;Small;EUR
10400;30;68.3;7;2049.0;2022-04-01;Shipped;2;4;2022;Ships;344;S18_3029;The Sharp Gifts Warehouse;4085553659;3086 Ingle Ln.;;San Jose;CA;94217;USA;;Frick;Sue;Small;USD
10414;44;67.51;1;2970.44;2022-05-06;On Hold;2;5;2022;Ships;344;S18_3029;Gifts4AllAges.com;6175559555;8616 Spinnaker Dr.;;Boston;MA;51003;USA;;Yoshido;Juri;Medium;USD
10423;21;73.17;2;1536.57;2022-05-30;In Process;2;5;2022;Vintage Cars;416;S18_3136;Petit Auto;(02) 5554 67;Rue Joseph-Bens 532;;Bruxelles;;B-1180;Belgium;EMEA;Dewey;Catherine;Small;EUR
10414;41;108.44;12;4446.04;2022-05-06;On Hold;2;5;2022;Vintage Cars;544;S18_3140;Gifts4AllAges.com;6175559555;8616 Spinnaker Dr.;;Boston;MA;51003;USA;;Yoshido;Juri;Medium;USD
10405;55;130.02;1;7151.1;2022-04-14;Shipped;2;4;2022;Classic Cars;676;S18_3232;Mini Caravy;88.60.1555;24, place Kluber;;Strasbourg;;67000;France;EMEA;Citeaux;Frederique;Large;EUR
10412;60;170.93;9;10255.800000000001;2022-05-03;Shipped;2;5;2022;Classic Cars;676;S18_3232;Euro Shopping Channel;(91) 555 94 44;C/ Moralzarzal, 86;;Madrid;;28034;Spain;EMEA;Freyre;Diego;Large;EUR
10419;35;146.09;6;5113.150000000001;2022-05-17;Shipped;2;5;2022;Classic Cars;676;S18_3232;Salzburg Collectables;6562-9555;Geislweg 14;;Salzburg;;5020;Austria;EMEA;Pipps;Georg;Medium;EUR
10425;28;116.87;8;3272.36;2022-05-31;In Process;2;5;2022;Classic Cars;676;S18_3232;La Rochelle Gifts;40.67.8555;67, rue des Cinquante Otages;;Nantes;;44000;France;EMEA;Labrune;Janine;Medium;EUR
10414;48;110.43;14;5300.64;2022-05-06;On Hold;2;5;2022;Trains;400;S18_3259;Gifts4AllAges.com;6175559555;8616 Spinnaker Dr.;;Boston;MA;51003;USA;;Yoshido;Juri;Medium;USD
10423;21;77.03;5;1617.63;2022-05-30;In Process;2;5;2022;Vintage Cars;396;S18_3320;Petit Auto;(02) 5554 67;Rue Joseph-Bens 532;;Bruxelles;;B-1180;Belgium;EMEA;Dewey;Catherine;Small;EUR
10406;65;138.95;1;9031.75;2022-04-15;Disputed;2;4;2022;Classic Cars;564;S18_3685;Danish Wholesale Imports;31 12 3555;Vinb'ltet 34;;Kobenhavn;;1734;Denmark;EMEA;Petersen;Jytte;Large;EUR
10419;43;112.13;3;4821.59;2022-05-17;Shipped;2;5;2022;Classic Cars;564;S18_3685;Salzburg Collectables;6562-9555;Geislweg 14;;Salzburg;;5020;Austria;EMEA;Pipps;Georg;Medium;EUR
10403;36;38.16;1;1373.7599999999998;2022-04-08;Shipped;2;4;2022;Motorcycles;248;S18_3782;UK Collectables, Ltd.;(171) 555-2282;Berkeley Gardens 12  Brewery;;Liverpool;;WX1 6LT;UK;EMEA;Devon;Elizabeth;Small;GBP
10400;58;114.98;6;6668.84;2022-04-01;Shipped;2;4;2022;Vintage Cars;420;S18_3856;The Sharp Gifts Warehouse;4085553659;3086 Ingle Ln.;;San Jose;CA;94217;USA;;Frick;Sue;Large;USD
10415;51;157.17;5;8015.669999999999;2022-05-09;Disputed;2;5;2022;Vintage Cars;420;S18_3856;Australian Collectables, Ltd;61-9-3844-6555;7 Allen Street;;Glen Waverly;Victoria;3150;Australia;APAC;Connery;Sean;Medium;AUD
10413;49;128.44;5;6293.5599999999995;2022-05-05;Shipped;2;5;2022;Classic Cars;572;S18_4027;Gift Depot Inc.;2035552570;25593 South Bay Ln.;;Bridgewater;CT;97562;USA;;King;Julie;Medium;USD
10407;6;82.31;3;493.86;2022-04-22;On Hold;2;4;2022;Vintage Cars;368;S18_4409;The Sharp Gifts Warehouse;4085553659;3086 Ingle Ln.;;San Jose;CA;94217;USA;;Frick;Sue;Small;USD
10420;66;119.99;6;7919.339999999999;2022-05-29;In Process;2;5;2022;Vintage Cars;368;S18_4409;Souveniers And Things Co.;+61 2 9495 8555;Monitor Money Building, 815 Pacific Hwy;Level 6;Chatswood;NSW;2067;Australia;APAC;Huxley;Adrian;Medium;AUD
10414;16;68.88;11;1102.08;2022-05-06;On Hold;2;5;2022;Vintage Cars;348;S18_4522;Gifts4AllAges.com;6175559555;8616 Spinnaker Dr.;;Boston;MA;51003;USA;;Yoshido;Juri;Small;USD
10411;46;132.82;3;6109.719999999999;2022-05-01;Shipped;2;5;2022;Trucks and Buses;484;S18_4600;Quebec Home Shopping Network;(514) 555-8054;43 rue St. Laurent;;Montreal;Quebec;H1J 1C3;Canada;;Fresnisre;Jean;Medium;CAD
10425;38;98.19;13;3731.22;2022-05-31;In Process;2;5;2022;Trucks and Buses;484;S18_4600;La Rochelle Gifts;40.67.8555;67, rue des Cinquante Otages;;Nantes;;44000;France;EMEA;Labrune;Janine;Medium;EUR
10411;35;69.87;7;2445.4500000000003;2022-05-01;Shipped;2;5;2022;Vintage Cars;200;S18_4668;Quebec Home Shopping Network;(514) 555-8054;43 rue St. Laurent;;Montreal;Quebec;H1J 1C3;Canada;;Fresnisre;Jean;Small;CAD
10424;26;51.65;4;1342.8999999999999;2022-05-31;In Process;2;5;2022;Vintage Cars;200;S18_4668;Euro Shopping Channel;(91) 555 94 44;C/ Moralzarzal, 86;;Madrid;;28034;Spain;EMEA;Freyre;Diego;Small;EUR
10407;66;61.13;4;4034.5800000000004;2022-04-22;On Hold;2;4;2022;Classic Cars;284;S18_4933;The Sharp Gifts Warehouse;4085553659;3086 Ingle Ln.;;San Jose;CA;94217;USA;;Frick;Sue;Medium;USD
10420;36;74.52;7;2682.72;2022-05-29;In Process;2;5;2022;Classic Cars;284;S18_4933;Souveniers And Things Co.;+61 2 9495 8555;Monitor Money Building, 815 Pacific Hwy;Level 6;Chatswood;NSW;2067;Australia;APAC;Huxley;Adrian;Small;AUD
10407;26;69.75;8;1813.5;2022-04-22;On Hold;2;4;2022;Classic Cars;292;S24_1046;The Sharp Gifts Warehouse;4085553659;3086 Ingle Ln.;;San Jose;CA;94217;USA;;Frick;Sue;Small;USD
10420;60;83.48;11;5008.8;2022-05-29;In Process;2;5;2022;Classic Cars;292;S24_1046;Souveniers And Things Co.;+61 2 9495 8555;Monitor Money Building, 815 Pacific Hwy;Level 6;Chatswood;NSW;2067;Australia;APAC;Huxley;Adrian;Medium;AUD
10412;21;45.38;2;952.98;2022-05-03;Shipped;2;5;2022;Classic Cars;228;S24_1444;Euro Shopping Channel;(91) 555 94 44;C/ Moralzarzal, 86;;Madrid;;28034;Spain;EMEA;Freyre;Diego;Small;EUR
10425;55;40.39;1;2221.45;2022-05-31;In Process;2;5;2022;Classic Cars;228;S24_1444;La Rochelle Gifts;40.67.8555;67, rue des Cinquante Otages;;Nantes;;44000;France;EMEA;Labrune;Janine;Small;EUR
10403;46;84.0;8;3864.0;2022-04-08;Shipped;2;4;2022;Motorcycles;448;S24_1578;UK Collectables, Ltd.;(171) 555-2282;Berkeley Gardens 12  Brewery;;Liverpool;;WX1 6LT;UK;EMEA;Devon;Elizabeth;Medium;GBP
10417;35;87.5;3;3062.5;2022-05-13;Disputed;2;5;2022;Motorcycles;448;S24_1578;Euro Shopping Channel;(91) 555 94 44;C/ Moralzarzal, 86;;Madrid;;28034;Spain;EMEA;Freyre;Diego;Medium;EUR
10407;64;36.73;10;2350.72;2022-04-22;On Hold;2;4;2022;Classic Cars;200;S24_1628;The Sharp Gifts Warehouse;4085553659;3086 Ingle Ln.;;San Jose;CA;94217;USA;;Frick;Sue;Small;USD
10420;37;77.93;13;2883.4100000000003;2022-05-29;In Process;2;5;2022;Classic Cars;200;S24_1628;Souveniers And Things Co.;+61 2 9495 8555;Monitor Money Building, 815 Pacific Hwy;Level 6;Chatswood;NSW;2067;Australia;APAC;Huxley;Adrian;Small;AUD
10401;38;87.87;5;3339.0600000000004;2022-04-03;On Hold;2;4;2022;Planes;436;S24_1785;Tekni Collectables Inc.;2015559350;7476 Moss Rd.;;Newark;NJ;94019;USA;;Brown;William;Medium;USD
10416;47;76.46;6;3593.62;2022-05-10;Shipped;2;5;2022;Planes;436;S24_1785;L'ordine Souveniers;0522-556555;Strada Provinciale 124;;Reggio Emilia;;42100;Italy;EMEA;Moroni;Maurizio;Medium;EUR
10409;61;37.14;1;2265.54;2022-04-23;Shipped;2;4;2022;Vintage Cars;132;S24_1937;Handji Gifts& Co;+65 224 1555;Village Close - 106 Linden Road Sandown;2nd Floor;Singapore;;69045;Singapore;APAC;Victorino;Wendy;Small;SGD
10420;45;34.7;1;1561.5000000000002;2022-05-29;In Process;2;5;2022;Vintage Cars;132;S24_1937;Souveniers And Things Co.;+61 2 9495 8555;Monitor Money Building, 815 Pacific Hwy;Level 6;Chatswood;NSW;2067;Australia;APAC;Huxley;Adrian;Small;AUD
10402;59;75.57;3;4458.629999999999;2022-04-07;Shipped;2;4;2022;Motorcycles;304;S24_2000;Auto Canal Petit;(1) 47.55.6555;25, rue Lauriston;;Paris;;75016;France;EMEA;Perrier;Dominique;Medium;EUR
10416;32;75.57;1;2418.24;2022-05-10;Shipped;2;5;2022;Motorcycles;304;S24_2000;L'ordine Souveniers;0522-556555;Strada Provinciale 124;;Reggio Emilia;;42100;Italy;EMEA;Moroni;Maurizio;Small;EUR
10414;23;132.33;10;3043.59;2022-05-06;On Hold;2;5;2022;Ships;488;S24_2011;Gifts4AllAges.com;6175559555;8616 Spinnaker Dr.;;Boston;MA;51003;USA;;Yoshido;Juri;Medium;USD
10421;40;41.7;2;1668.0;2022-05-29;In Process;2;5;2022;Vintage Cars;176;S24_2022;Mini Gifts Distributors Ltd.;4155551450;5677 Strong St.;;San Rafael;CA;97562;USA;;Nelson;Valarie;Small;USD
10412;70;104.73;10;7331.1;2022-05-03;Shipped;2;5;2022;Trucks and Buses;508;S24_2300;Euro Shopping Channel;(91) 555 94 44;C/ Moralzarzal, 86;;Madrid;;28034;Spain;EMEA;Freyre;Diego;Large;EUR
10425;49;97.02;9;4753.98;2022-05-31;In Process;2;5;2022;Trucks and Buses;508;S24_2300;La Rochelle Gifts;40.67.8555;67, rue des Cinquante Otages;;Nantes;;44000;France;EMEA;Labrune;Janine;Medium;EUR
10403;27;58.21;4;1571.67;2022-04-08;Shipped;2;4;2022;Motorcycles;276;S24_2360;UK Collectables, Ltd.;(171) 555-2282;Berkeley Gardens 12  Brewery;;Liverpool;;WX1 6LT;UK;EMEA;Devon;Elizabeth;Small;GBP
10407;76;86.24;6;6554.24;2022-04-22;On Hold;2;4;2022;Classic Cars;360;S24_2766;The Sharp Gifts Warehouse;4085553659;3086 Ingle Ln.;;San Jose;CA;94217;USA;;Frick;Sue;Large;USD
10420;39;130.21;9;5078.1900000000005;2022-05-29;In Process;2;5;2022;Classic Cars;360;S24_2766;Souveniers And Things Co.;+61 2 9495 8555;Monitor Money Building, 815 Pacific Hwy;Level 6;Chatswood;NSW;2067;Australia;APAC;Huxley;Adrian;Medium;AUD
10412;30;31.12;6;933.6;2022-05-03;Shipped;2;5;2022;Classic Cars;140;S24_2840;Euro Shopping Channel;(91) 555 94 44;C/ Moralzarzal, 86;;Madrid;;28034;Spain;EMEA;Freyre;Diego;Small;EUR
10425;31;28.68;5;889.08;2022-05-31;In Process;2;5;2022;Classic Cars;140;S24_2840;La Rochelle Gifts;40.67.8555;67, rue des Cinquante Otages;;Nantes;;44000;France;EMEA;Labrune;Janine;Small;EUR
10400;24;56.27;2;1350.48;2022-04-01;Shipped;2;4;2022;Planes;272;S24_2841;The Sharp Gifts Warehouse;4085553659;3086 Ingle Ln.;;San Jose;CA;94217;USA;;Frick;Sue;Small;USD
10415;21;87.55;1;1838.55;2022-05-09;Disputed;2;5;2022;Planes;272;S24_2841;Australian Collectables, Ltd;61-9-3844-6555;7 Allen Street;;Glen Waverly;Victoria;3150;Australia;APAC;Connery;Sean;Small;AUD
10407;59;90.03;5;5311.77;2022-04-22;On Hold;2;4;2022;Classic Cars;468;S24_2887;The Sharp Gifts Warehouse;4085553659;3086 Ingle Ln.;;San Jose;CA;94217;USA;;Frick;Sue;Medium;USD
10420;55;124.31;8;6837.05;2022-05-29;In Process;2;5;2022;Classic Cars;468;S24_2887;Souveniers And Things Co.;+61 2 9495 8555;Monitor Money Building, 815 Pacific Hwy;Level 6;Chatswood;NSW;2067;Australia;APAC;Huxley;Adrian;Medium;AUD
10405;47;38.44;2;1806.6799999999998;2022-04-14;Shipped;2;4;2022;Classic Cars;148;S24_2972;Mini Caravy;88.60.1555;24, place Kluber;;Strasbourg;;67000;France;EMEA;Citeaux;Frederique;Small;EUR
10419;15;36.81;7;552.1500000000001;2022-05-17;Shipped;2;5;2022;Classic Cars;148;S24_2972;Salzburg Collectables;6562-9555;Geislweg 14;;Salzburg;;5020;Austria;EMEA;Pipps;Georg;Small;EUR
10414;60;92.89;5;5573.4;2022-05-06;On Hold;2;5;2022;Vintage Cars;352;S24_3151;Gifts4AllAges.com;6175559555;8616 Spinnaker Dr.;;Boston;MA;51003;USA;;Yoshido;Juri;Medium;USD
10407;13;74.22;7;964.86;2022-04-22;On Hold;2;4;2022;Classic Cars;340;S24_3191;The Sharp Gifts Warehouse;4085553659;3086 Ingle Ln.;;San Jose;CA;94217;USA;;Frick;Sue;Small;USD
10420;35;124.88;10;4370.8;2022-05-29;In Process;2;5;2022;Classic Cars;340;S24_3191;Souveniers And Things Co.;+61 2 9495 8555;Monitor Money Building, 815 Pacific Hwy;Level 6;Chatswood;NSW;2067;Australia;APAC;Huxley;Adrian;Medium;AUD
10419;55;45.43;12;2498.65;2022-05-17;Shipped;2;5;2022;Classic Cars;244;S24_3371;Salzburg Collectables;6562-9555;Geislweg 14;;Salzburg;;5020;Austria;EMEA;Pipps;Georg;Small;EUR
10400;38;52.2;3;1983.6000000000001;2022-04-01;Shipped;2;4;2022;Vintage Cars;260;S24_3420;The Sharp Gifts Warehouse;4085553659;3086 Ingle Ln.;;San Jose;CA;94217;USA;;Frick;Sue;Small;USD
10415;18;89.98;2;1619.64;2022-05-09;Disputed;2;5;2022;Vintage Cars;260;S24_3420;Australian Collectables, Ltd;61-9-3844-6555;7 Allen Street;;Glen Waverly;Victoria;3150;Australia;APAC;Connery;Sean;Small;AUD
10407;43;79.15;9;3403.4500000000003;2022-04-22;On Hold;2;4;2022;Classic Cars;428;S24_3432;The Sharp Gifts Warehouse;4085553659;3086 Ingle Ln.;;San Jose;CA;94217;USA;;Frick;Sue;Medium;USD
10420;26;129.94;12;3378.44;2022-05-29;In Process;2;5;2022;Classic Cars;428;S24_3432;Souveniers And Things Co.;+61 2 9495 8555;Monitor Money Building, 815 Pacific Hwy;Level 6;Chatswood;NSW;2067;Australia;APAC;Huxley;Adrian;Small;AUD
10400;42;66.58;8;2796.36;2022-04-01;Shipped;2;4;2022;Vintage Cars;332;S24_3816;The Sharp Gifts Warehouse;4085553659;3086 Ingle Ln.;;San Jose;CA;94217;USA;;Frick;Sue;Medium;USD
10414;51;69.64;2;3551.64;2022-05-06;On Hold;2;5;2022;Vintage Cars;332;S24_3816;Gifts4AllAges.com;6175559555;8616 Spinnaker Dr.;;Boston;MA;51003;USA;;Yoshido;Juri;Medium;USD
10405;76;133.26;3;10127.759999999998;2022-04-14;Shipped;2;4;2022;Classic Cars;560;S24_3856;Mini Caravy;88.60.1555;24, place Kluber;;Strasbourg;;67000;France;EMEA;Citeaux;Frederique;Large;EUR
10419;70;113.88;8;7971.599999999999;2022-05-17;Shipped;2;5;2022;Classic Cars;560;S24_3856;Salzburg Collectables;6562-9555;Geislweg 14;;Salzburg;;5020;Austria;EMEA;Pipps;Georg;Large;EUR
10401;64;54.8;12;3507.2;2022-04-03;On Hold;2;4;2022;Planes;272;S24_3949;Tekni Collectables Inc.;2015559350;7476 Moss Rd.;;Newark;NJ;94019;USA;;Brown;William;Medium;USD
10416;18;64.75;13;1165.5;2022-05-10;Shipped;2;5;2022;Planes;272;S24_3949;L'ordine Souveniers;0522-556555;Strada Provinciale 124;;Reggio Emilia;;42100;Italy;EMEA;Moroni;Maurizio;Small;EUR
10408;15;4316.52;1;64747.8;2022-04-22;Shipped;2;4;2022;Vintage Cars;164;S24_3969;Tokyo Collectables, Ltd;+81 3 3584 0555;2-2-8 Roppongi;;Minato-ku;Tokyo;106-0032;Japan;Japan;Shimamura;Akiko;Small;JPY
10420;15;56.14;3;842.1;2022-05-29;In Process;2;5;2022;Vintage Cars;164;S24_3969;Souveniers And Things Co.;+61 2 9495 8555;Monitor Money Building, 815 Pacific Hwy;Level 6;Chatswood;NSW;2067;Australia;APAC;Huxley;Adrian;Small;AUD
10412;31;118.36;1;3669.16;2022-05-03;Shipped;2;5;2022;Classic Cars;472;S24_4048;Euro Shopping Channel;(91) 555 94 44;C/ Moralzarzal, 86;;Madrid;;28034;Spain;EMEA;Freyre;Diego;Medium;EUR
10423;28;68.06;4;1905.68;2022-05-30;In Process;2;5;2022;Vintage Cars;388;S24_4258;Petit Auto;(02) 5554 67;Rue Joseph-Bens 532;;Bruxelles;;B-1180;Belgium;EMEA;Dewey;Catherine;Small;EUR
10401;52;74.05;4;3850.6;2022-04-03;On Hold;2;4;2022;Planes;288;S24_4278;Tekni Collectables Inc.;2015559350;7476 Moss Rd.;;Newark;NJ;94019;USA;;Brown;William;Medium;USD
10416;48;64.37;5;3089.76;2022-05-10;Shipped;2;5;2022;Planes;288;S24_4278;L'ordine Souveniers;0522-556555;Strada Provinciale 124;;Reggio Emilia;;42100;Italy;EMEA;Moroni;Maurizio;Medium;EUR
10411;26;130.37;1;3389.62;2022-05-01;Shipped;2;5;2022;Trucks and Buses;384;S32_1268;Quebec Home Shopping Network;(514) 555-8054;43 rue St. Laurent;;Montreal;Quebec;H1J 1C3;Canada;;Fresnisre;Jean;Small;CAD
10425;41;74.78;11;3065.98;2022-05-31;In Process;2;5;2022;Trucks and Buses;384;S32_1268;La Rochelle Gifts;40.67.8555;67, rue des Cinquante Otages;;Nantes;;44000;France;EMEA;Labrune;Janine;Medium;EUR
10401;49;92.98;1;4556.02;2022-04-03;On Hold;2;4;2022;Motorcycles;396;S32_1374;Tekni Collectables Inc.;2015559350;7476 Moss Rd.;;Newark;NJ;94019;USA;;Brown;William;Medium;USD
10416;45;91.34;2;4110.3;2022-05-10;Shipped;2;5;2022;Motorcycles;396;S32_1374;L'ordine Souveniers;0522-556555;Strada Provinciale 124;;Reggio Emilia;;42100;Italy;EMEA;Moroni;Maurizio;Medium;EUR
10403;30;29.4;2;882.0;2022-04-08;Shipped;2;4;2022;Motorcycles;160;S32_2206;UK Collectables, Ltd.;(171) 555-2282;Berkeley Gardens 12  Brewery;;Liverpool;;WX1 6LT;UK;EMEA;Devon;Elizabeth;Small;GBP
10412;19;42.01;7;798.1899999999999;2022-05-03;Shipped;2;5;2022;Trucks and Buses;216;S32_2509;Euro Shopping Channel;(91) 555 94 44;C/ Moralzarzal, 86;;Madrid;;28034;Spain;EMEA;Freyre;Diego;Small;EUR
10425;11;37.81;6;415.91;2022-05-31;In Process;2;5;2022;Trucks and Buses;216;S32_2509;La Rochelle Gifts;40.67.8555;67, rue des Cinquante Otages;;Nantes;;44000;France;EMEA;Labrune;Janine;Small;EUR
10413;24;45.36;6;1088.6399999999999;2022-05-05;Shipped;2;5;2022;Trains;248;S32_3207;Gift Depot Inc.;2035552570;25593 South Bay Ln.;;Bridgewater;CT;97562;USA;;King;Julie;Small;USD
10411;27;80.71;5;2179.1699999999996;2022-05-01;Shipped;2;5;2022;Trucks and Buses;256;S32_3522;Quebec Home Shopping Network;(514) 555-8054;43 rue St. Laurent;;Montreal;Quebec;H1J 1C3;Canada;;Fresnisre;Jean;Small;CAD
10424;44;52.98;2;2331.12;2022-05-31;In Process;2;5;2022;Trucks and Buses;256;S32_3522;Euro Shopping Channel;(91) 555 94 44;C/ Moralzarzal, 86;;Madrid;;28034;Spain;EMEA;Freyre;Diego;Small;EUR
10401;62;70.93;6;4397.660000000001;2022-04-03;On Hold;2;4;2022;Vintage Cars;272;S32_4289;Tekni Collectables Inc.;2015559350;7476 Moss Rd.;;Newark;NJ;94019;USA;;Brown;William;Medium;USD
10416;26;52.81;7;1373.06;2022-05-10;Shipped;2;5;2022;Vintage Cars;272;S32_4289;L'ordine Souveniers;0522-556555;Strada Provinciale 124;;Reggio Emilia;;42100;Italy;EMEA;Moroni;Maurizio;Small;EUR
10403;45;84.28;5;3792.6;2022-04-08;Shipped;2;4;2022;Motorcycles;408;S32_4485;UK Collectables, Ltd.;(171) 555-2282;Berkeley Gardens 12  Brewery;;Liverpool;;WX1 6LT;UK;EMEA;Devon;Elizabeth;Medium;GBP
10401;56;32.26;7;1806.56;2022-04-03;On Hold;2;4;2022;Vintage Cars;172;S50_1341;Tekni Collectables Inc.;2015559350;7476 Moss Rd.;;Newark;NJ;94019;USA;;Brown;William;Small;USD
10416;37;44.8;8;1657.6;2022-05-10;Shipped;2;5;2022;Vintage Cars;172;S50_1341;L'ordine Souveniers;0522-556555;Strada Provinciale 124;;Reggio Emilia;;42100;Italy;EMEA;Moroni;Maurizio;Small;EUR
10412;26;114.83;3;2985.58;2022-05-03;Shipped;2;5;2022;Trucks and Buses;460;S50_1392;Euro Shopping Channel;(91) 555 94 44;C/ Moralzarzal, 86;;Madrid;;28034;Spain;EMEA;Freyre;Diego;Medium;EUR
10425;18;90.87;2;1635.66;2022-05-31;In Process;2;5;2022;Trucks and Buses;460;S50_1392;La Rochelle Gifts;40.67.8555;67, rue des Cinquante Otages;;Nantes;;44000;France;EMEA;Labrune;Janine;Small;EUR
10413;51;58.27;4;2971.77;2022-05-05;Shipped;2;5;2022;Trains;232;S50_1514;Gift Depot Inc.;2035552570;25593 South Bay Ln.;;Bridgewater;CT;97562;USA;;King;Julie;Medium;USD
10403;31;49.94;3;1548.1399999999999;2022-04-08;Shipped;2;4;2022;Motorcycles;324;S50_4713;UK Collectables, Ltd.;(171) 555-2282;Berkeley Gardens 12  Brewery;;Liverpool;;WX1 6LT;UK;EMEA;Devon;Elizabeth;Small;GBP
10414;37;65.1;6;2408.7;2022-05-06;On Hold;2;5;2022;Ships;264;S700_1138;Gifts4AllAges.com;6175559555;8616 Spinnaker Dr.;;Boston;MA;51003;USA;;Yoshido;Juri;Small;USD
10401;11;94.19;8;1036.09;2022-04-03;On Hold;2;4;2022;Planes;364;S700_1691;Tekni Collectables Inc.;2015559350;7476 Moss Rd.;;Newark;NJ;94019;USA;;Brown;William;Small;USD
10416;23;78.8;9;1812.3999999999999;2022-05-10;Shipped;2;5;2022;Planes;364;S700_1691;L'ordine Souveniers;0522-556555;Strada Provinciale 124;;Reggio Emilia;;42100;Italy;EMEA;Moroni;Maurizio;Small;EUR
10414;34;94.84;13;3224.56;2022-05-06;On Hold;2;5;2022;Ships;344;S700_1938;Gifts4AllAges.com;6175559555;8616 Spinnaker Dr.;;Boston;MA;51003;USA;;Yoshido;Juri;Medium;USD
10400;46;80.12;5;3685.5200000000004;2022-04-01;Shipped;2;4;2022;Ships;360;S700_2047;The Sharp Gifts Warehouse;4085553659;3086 Ingle Ln.;;San Jose;CA;94217;USA;;Frick;Sue;Medium;USD
10415;32;123.86;4;3963.52;2022-05-09;Disputed;2;5;2022;Ships;360;S700_2047;Australian Collectables, Ltd;61-9-3844-6555;7 Allen Street;;Glen Waverly;Victoria;3150;Australia;APAC;Connery;Sean;Medium;AUD
10401;85;80.99;10;6884.15;2022-04-03;On Hold;2;4;2022;Planes;396;S700_2466;Tekni Collectables Inc.;2015559350;7476 Moss Rd.;;Newark;NJ;94019;USA;;Brown;William;Large;USD
10416;22;96.36;11;2119.92;2022-05-10;Shipped;2;5;2022;Planes;396;S700_2466;L'ordine Souveniers;0522-556555;Strada Provinciale 124;;Reggio Emilia;;42100;Italy;EMEA;Moroni;Maurizio;Small;EUR
10414;31;69.26;4;2147.06;2022-05-06;On Hold;2;5;2022;Ships;288;S700_2610;Gifts4AllAges.com;6175559555;8616 Spinnaker Dr.;;Boston;MA;51003;USA;;Yoshido;Juri;Small;USD
10411;34;122.76;4;4173.84;2022-05-01;Shipped;2;5;2022;Classic Cars;404;S700_2824;Quebec Home Shopping Network;(514) 555-8054;43 rue St. Laurent;;Montreal;Quebec;H1J 1C3;Canada;;Fresnisre;Jean;Medium;CAD
10424;46;69.81;1;3211.26;2022-05-31;In Process;2;5;2022;Classic Cars;404;S700_2824;Euro Shopping Channel;(91) 555 94 44;C/ Moralzarzal, 86;;Madrid;;28034;Spain;EMEA;Freyre;Diego;Medium;EUR
10401;21;87.71;2;1841.9099999999999;2022-04-03;On Hold;2;4;2022;Planes;472;S700_2834;Tekni Collectables Inc.;2015559350;7476 Moss Rd.;;Newark;NJ;94019;USA;;Brown;William;Small;USD
10416;41;118.73;3;4867.93;2022-05-10;Shipped;2;5;2022;Planes;472;S700_2834;L'ordine Souveniers;0522-556555;Strada Provinciale 124;;Reggio Emilia;;42100;Italy;EMEA;Moroni;Maurizio;Medium;EUR
10401;77;83.96;9;6464.919999999999;2022-04-03;On Hold;2;4;2022;Planes;320;S700_3167;Tekni Collectables Inc.;2015559350;7476 Moss Rd.;;Newark;NJ;94019;USA;;Brown;William;Large;USD
10416;39;57.97;10;2260.83;2022-05-10;Shipped;2;5;2022;Planes;320;S700_3167;L'ordine Souveniers;0522-556555;Strada Provinciale 124;;Reggio Emilia;;42100;Italy;EMEA;Moroni;Maurizio;Small;EUR
10414;28;98.72;7;2764.16;2022-05-06;On Hold;2;5;2022;Ships;400;S700_3505;Gifts4AllAges.com;6175559555;8616 Spinnaker Dr.;;Boston;MA;51003;USA;;Yoshido;Juri;Medium;USD
10414;27;82.47;8;2226.69;2022-05-06;On Hold;2;5;2022;Ships;396;S700_3962;Gifts4AllAges.com;6175559555;8616 Spinnaker Dr.;;Boston;MA;51003;USA;;Yoshido;Juri;Small;USD
10401;28;66.21;11;1853.8799999999999;2022-04-03;On Hold;2;4;2022;Planes;296;S700_4002;Tekni Collectables Inc.;2015559350;7476 Moss Rd.;;Newark;NJ;94019;USA;;Brown;William;Small;USD
10416;43;53.65;12;2306.95;2022-05-10;Shipped;2;5;2022;Planes;296;S700_4002;L'ordine Souveniers;0522-556555;Strada Provinciale 124;;Reggio Emilia;;42100;Italy;EMEA;Moroni;Maurizio;Small;EUR
10400;20;51.21;4;1024.2;2022-04-01;Shipped;2;4;2022;Planes;196;S72_1253;The Sharp Gifts Warehouse;4085553659;3086 Ingle Ln.;;San Jose;CA;94217;USA;;Frick;Sue;Small;USD
10415;42;74.37;3;3123.54;2022-05-09;Disputed;2;5;2022;Planes;196;S72_1253;Australian Collectables, Ltd;61-9-3844-6555;7 Allen Street;;Glen Waverly;Victoria;3150;Australia;APAC;Connery;Sean;Small;AUD
10414;47;59.79;9;2810.13;2022-05-06;On Hold;2;5;2022;Ships;216;S72_3212;Gifts4AllAges.com;6175559555;8616 Spinnaker Dr.;;Boston;MA;51003;USA;;Yoshido;Juri;Medium;USD
